USE ENTV
GO

INSERT INTO Staff VALUES
('ST001','Bambang Santoso Cahyadi','bambangsanto@gmail.com','Male','+6285907701324','Citra 8 A2/10','5500000','1990-5-7'),
('ST002','Budi Setiawan','budisetiawan@gmail.com','Male','+6282879948182','Taman Palem Lestari A4/8','10300000','1992-10-11'),
('ST003','Lady Boy','ladyboy@gmail.com','Female','+6285714423003','Jl Plumpang Semper 13, DKI Jakarta','6400000','1997-7-12'),
('ST004','Joko Kusuma','jokokusuma@yahoo.com','Male','+6285820001312','Perumahan Sonata B3/12','7150000','1980-7-23'),
('ST005','Siti Nursanti','sitinursanti@yahoo.com','Female','+6285820001312','Jl.Kenari No 37','6000000','1995-11-1'),
('ST006','Susanti Cahya','susanticahya@gmail.com','Female','+6285976090099','Apartemen City Park Lantai 4 No 11','5500000','1998-2-14'),
('ST007','Zulfikar Raja','zulfikarraja@gmail.com','Male','+6282813005311','Perumahan Blue Ginger D6/2','4800000','1999-4-17'),
('ST008','Wira Bachtiar Sari','wirasari@gmail.com','Male','+6285830138494','Jl.Melati No 4','15000000','2000-10-15'),
('ST009','Buana Muhammad','muhammadbuana@yahoo.com','Female','+6285790004188','Jl Panglima Polim Raya 107 B,Melawai','20000000','1983-7-17'),
('ST010','Anwar Mansur Budi','anwarmb@yahoo.com','Male','+6285213528880','Jl Jend Gatot Subroto 52 Ged PT Telkom Lt 12','15500000','1993-4-4'),
('ST011','Ridwan Latifah','ridwanlatifah@gmail.com','Female','+6282879137001','Jl Benda Raya 10, DKI Jakarta','9400000','1999-11-6'),
('ST012','Ruslan Krisna','ruslankrisna@yahoo.com','Female','+6285914407200','Jl Pinangsia Raya Glodok Plaza Bl F/5, DKI Jakarta','10500000','1988-1-3'),
('ST013','Anisa Wati','anisawati@gmail.com','Female','+6285285600144','Jl RA Kartini Poin Square Lt 22,Cilandak Barat','12000000','1990-4-16'),
('ST014','Kasih Batari Muhammad','kasihbatari@gmail.com','Male','+6285964552310','Jl Tirtayasa V 2, DKI Jakarta','14200000','1985-12-25'),
('ST015','Nur Putri Iskandar','nurputrii@gmail.com','Female','+6285975990133','Citra 5 C4/8','18000000','1980-7-23')


INSERT INTO Customer VALUES
('CU001','Ryan Reynolds','ryanreynolds@gmail.com','Male','+6285960009000','107 East Evergreen Rd.Newton, NJ 07860','1982-8-29'),
('CU002','Michael Jordan','michaeljordan@gmail.com','Male','+6285212345678','Psr Tanah Abang Bl E/115 BKS, DKI Jakarta','1960-4-12'),
('CU003','Eve Alfie','evealfie@gmail.com','Female','+6282842006969','Jl Sultan Hasanuddin 29,Biyawao','1995-8-30'),
('CU004','Lebron James','lebronjames@gmail.com','Male','+6285923002323','Jl Dermaga Raya XI 8, Duren Sawit','1975-3-9'),
('CU005','Billie Eilish','billiee@gmail.com','Female','+6285774821339','Kompl Green Garden Bl I-9/37-40 Kedoya Utr, DKI Jakarta','2000-11-23'),
('CU006','Ryan Gosling','ryangosling@gmail.com','Male','+6285258824771','Jr. Abdul. Muis No. 379, Palembang 10205, Maluku','1988-5-25'),
('CU007','Tinker Bell Ekan','tbell@gmail.com','Female','+6285969420002','Jl Hayam Wuruk 79, DKI Jakarta','1999-9-18'),
('CU008','Bambang Santoso','bambangsantoso@yahoo.com','Male','+6285823029899','Jl Warakas 3 Gg 6/17 RT 008/03 Warakas, DKI Jakarta','1996-10-20'),
('CU009','Albert Einstein','mcsquare@yahoo.com','Male','+6282823511009','Jl Ahmad Yani 101 B, Sumatera Utara','2000-5-15'),
('CU010','Adele','adele@gmail.com','Female','+6285910012002','Jl Banget Ayu Raya 1, Jawa Tengah','1993-2-6'),
('CU011','Michael Jackson','mj@yahoo.com','Male','+6285885009009','107 East Evergreen Rd.Newton, NJ 07860','1982-8-29'),
('CU012','Michael Jordan','michaeljordan@gmail.com','Male','+6285212345678','Jl Hayam Wuruk 100 Psr HWI Lindeteves Bl B Lt Dasar/48,Mangga Besar','1989-7-14'),
('CU013','Elon Musk','elonmusk@gmail.com','Male','+6282811110000','Jl Puri Mutiara 9 C, Dki Jakarta','1991-1-11'),
('CU014','Lebron James','lebronjames@gmail.com','Male','+6282810984717','Jl Tambak Aji RT 3/13','1975-3-9'),
('CU015','Mary Jane','marejane@gmail.com','Female','+6283823001412','Jl Cikawao Permai Bl B/8, Jawa Barat','1998-4-20')

INSERT INTO Vendor VALUES
('VE001','Nando Shubham','nandoshubham@gmail.com','+6283891784424','JL. M.H Thamrin Lippo Cikarang, Ruko Plaza Menteng Blok A-12, Bekasi'),
('VE002','Olga Rahat','olgarahat@gmail.com','+6282869934750','Jl Tebet Raya 54 RT 004/04 Tebet Tmr, Dki Jakarta'),
('VE003','Embla Rakel','emblaaa@gmail.com','+6285960297213','Jl Jend Gatot Subroto 59,Jati'),
('VE004','Ealdwine Alfarr','ealdwinealfarr@yahoo.com','+6285919874812','Jl Jurnatan Bl B/28, Jawa Tengah'),
('VE005','Davida Jamie','davidajamie@yahoo.com','+6283815977789','Jl Kopo Cirangrang 583, Bandung, Jawa Barat'),
('VE006','Gracia Václav','graciavv@gmail.com','+6285975090010','Jl Ciumbuleuit 160, Jawa Barat'),
('VE007','Marisela Fiore','mariselafiore@yahoo.com','+6283877709990','Jl Nusa Kambangan 37 B, Bali'),
('VE008','Eugenia David','eugeniadavid@gmail.com','+6285791094733','JL Kemang Pratama Raya Blok MM/1517116'),
('VE009','Mick Dušanka','mickdusanka@gmail.com','+6282899881122','Jl Dipati Ukur 26, Jawa Barat'),
('VE010','Coreen Chuck','coreenchuck@yahoo.com','+6282898489901','Jl Jend Sudirman Kav 29 Wisma Metropolitan I, DKI Jakarta'),
('VE011','Katina Ennius','katinaennius@gmail.com','+6285970006999','Jl Minangkabau 23 A Psr Manggis, DKI Jakarta'),
('VE012','Isabela Kristen','isabelakristen@gmail.com','+6285714779822','Jl Petemon Sidomulyo III 53,Petemon'),
('VE013','Giselmund Sanjeev','giselsan@gmail.com','+6283899135005','JL. Sumatera No. 92, Surabaya'),
('VE014','Klotild Azazias','klotildzz@gmail.com','+6283813787321','Jl Pejanggik 9,Cakra Barat'),
('VE015','Radcliff Jeffrey','radcliffj@yahoo.com','+6282830009000','Jl Asem Baris 6/18, DKI Jakarta')

INSERT INTO TelevisionBrand VALUES 
('TB001','Grundig'),
('TB002','Hisense'),
('TB003','LG'),
('TB004','Panasonic'),
('TB005','Philips'),
('TB006','Samsung'),
('TB007','Sony'),
('TB008','TCL'),
('TB009','Telefunken'),
('TB010','Thomson'),
('TB011','Toshiba'),
('TB012','Xiaomi'),
('TB013','Realme'),
('TB014','Vu'),
('TB015','Zebronics')

INSERT INTO Television VALUES 
('TE001','TB006','Samsung UA32T4340AK 48 inch UHD','5600000'),
('TE002','TB006','Samsung QA85QN900AK','9450000'),
('TE003','TB003','LG 32LM565BPTA 32 inch UHD Ready Smart LED TV','10299000'),
('TE004','TB003','LG 55UP7500PTZ 55 inch 4K (Ultra HD) LED TV','4666000'),
('TE005','TB012','Xiaomi Mi TV 4A 40 inch Full UHD Smart LED TV','5999000'),
('TE006','TB012','Xiaomi Mi TV 4A Pro 43 inch Full UHD Smart LED TV','8299000'),
('TE007','TB001','Grundig 43GFU7800B 43 inch 4K LED TV','6699000'),
('TE008','TB002','Hisense 43A7100F','7750000'),
('TE009','TB010','Thomson B9 Pro Smart TV','6799000'),
('TE010','TB011','TOSHIBA Digital TV FHD 43 Inch - 43S25KP','4999999'),
('TE011','TB011','TOSHIBA SMART ANDROID LED TV 4K 55 Inch - 55C350KP','12699000'),
('TE012','TB005','PHILIPS 43PFT5250S/70 LED TV','8245000'),
('TE013','TB004','Panasonic TH-43H400G TV LED','4680000'),
('TE014','TB014','VU LEDH40K311','9999000'),
('TE015','TB013','REALME Smart TV 4 43 inch UHD','4599000')

INSERT INTO PurchaseTransaction VALUES
('PE001','ST004','VE008','2021-1-27'),
('PE002','ST005','VE008','2021-2-18'),
('PE003','ST005','VE009','2021-3-4'),
('PE004','ST006','VE010','2021-3-24'),
('PE005','ST007','VE011','2021-5-12'),
('PE006','ST008','VE012','2021-6-17'),
('PE007','ST008','VE012','2021-7-6'),
('PE008','ST009','VE013','2021-11-15'),
('PE009','ST009','VE014','2021-11-28'),
('PE010','ST010','VE014','2021-12-2'),
('PE011','ST011','VE015','2021-12-9'),
('PE012','ST012','VE001','2021-12-29'),
('PE013','ST013','VE001','2021-12-30'),
('PE014','ST014','VE001','2022-1-2'),
('PE015','ST014','VE002','2022-1-3')

INSERT INTO SalesTransaction VALUES
('SA001','ST009','CU001','2021-2-4'),
('SA002','ST010','CU002','2021-2-16'),
('SA003','ST010','CU002','2021-3-11'),
('SA004','ST011','CU003','2021-3-29'),
('SA005','ST011','CU003','2021-4-8'),
('SA006','ST011','CU004','2021-5-9'),
('SA007','ST012','CU005','2021-5-21'),
('SA008','ST013','CU006','2021-6-6'),
('SA009','ST014','CU007','2021-7-25'),
('SA010','ST015','CU007','2021-8-30'),
('SA011','ST001','CU008','2021-9-4'),
('SA012','ST001','CU009','2021-10-7'),
('SA013','ST002','CU010','2021-11-13'),
('SA014','ST003','CU011','2021-12-25'),
('SA015','ST004','CU012','2022-1-2')

INSERT INTO PurchaseTransactionDetail VALUES
('PE001', 'TE001', '17'),
('PE001', 'TE003', '22'),
('PE001', 'TE005', '44'),
('PE002', 'TE001', '112'),
('PE002', 'TE007', '27'),
('PE002', 'TE011', '13'),
('PE003', 'TE005', '49'),
('PE004', 'TE001', '11'),
('PE005', 'TE005', '23'),
('PE005', 'TE006', '22'),
('PE006', 'TE009', '116'),
('PE006', 'TE001', '19'),
('PE007', 'TE011', '100'),
('PE008', 'TE002', '48'),
('PE009', 'TE008', '13'),
('PE010', 'TE005', '28'),
('PE011', 'TE011', '37'),
('PE011', 'TE013', '58'),
('PE011', 'TE002', '47'),
('PE012', 'TE008', '92'),
('PE013', 'TE005', '25'),
('PE014', 'TE014', '37'),
('PE015', 'TE015', '48'),
('PE015', 'TE001', '30'),
('PE015', 'TE004', '45')

INSERT INTO SalesTransactionDetail VALUES
('SA001', 'TE001', '1'),
('SA001', 'TE003', '2'),
('SA001', 'TE005', '1'),
('SA002', 'TE001', '1'),
('SA002', 'TE007', '2'),
('SA002', 'TE011', '1'),
('SA003', 'TE005', '4'),
('SA004', 'TE001', '1'),
('SA005', 'TE005', '2'),
('SA005', 'TE006', '2'),
('SA006', 'TE009', '1'),
('SA006', 'TE001', '1'),
('SA007', 'TE011', '1'),
('SA008', 'TE002', '4'),
('SA009', 'TE008', '1'),
('SA010', 'TE005', '2'),
('SA011', 'TE011', '1'),
('SA011', 'TE014', '1'),
('SA011', 'TE002', '4'),
('SA012', 'TE008', '3'),
('SA013', 'TE005', '2'),
('SA013', 'TE012', '3'),
('SA014', 'TE014', '3'),
('SA014', 'TE015', '2'),
('SA015', 'TE015', '4')